{
  "vertices": [
    [0.0, 0.5, 0.0],
    [0.26285, 0.42535, 0.0],  
    [0.08125, 0.42535, 0.25], 
    [0.4472, 0.2236, 0.0],    
    [0.2941, 0.26285, 0.25],  
    [0.1382, 0.2236, 0.42535],
    [0.47555, 0.0, 0.1545],   
    [0.2939, 0.0, 0.4045],    
    [0.0, 0.0, 0.5],
    [0.08125, 0.42535, -0.25],
    [0.3441, 0.26285, -0.25],
    [0.47555, 0.0, -0.1545],
    [-0.21265, 0.42535, 0.1545],
    [-0.13145, 0.26285, 0.4045],
    [-0.3618, 0.2236, 0.26285],
    [-0.42535, 0.26285, 0.0],
    [-0.2939, 0.0, 0.4045],
    [-0.47555, 0.0, 0.1545],
    [-0.21265, 0.42535, -0.1545],
    [-0.3618, 0.2236, -0.26285],
    [-0.47555, 0.0, -0.1545],
    [0.0, -0.5, 0.0],
    [0.21265, -0.42535, 0.1545],
    [0.13145, -0.26285, 0.4045],
    [0.3618, -0.2236, 0.26285],
    [0.42535, -0.26285, 0.0],
    [0.21265, -0.42535, -0.1545],
    [0.3618, -0.2236, -0.26285],
    [-0.26285, -0.42535, 0.0],
    [-0.08125, -0.42535, 0.25],
    [-0.4472, -0.2236, 0.0],
    [-0.3441, -0.26285, 0.25],
    [-0.1382, -0.2236, 0.42535],
    [-0.08125, -0.42535, -0.25],
    [-0.3441, -0.26285, -0.25]
  ],
  "faces": [
    [0, 2, 1],
    [1, 2, 4],
    [1, 4, 3],
    [2, 5, 4],
    [3, 4, 6],
    [4, 7, 6],
    [4, 5, 7],
    [5, 8, 7],
    [15, 17, 16],
    [15, 18, 17],
    [16, 17, 19],
    [17, 20, 19],
    [17, 18, 20],
    [0, 1, 9],
    [0, 9, 21],
    [0, 21, 15],
    [0, 15, 2],
    [1, 11, 9],
    [1, 3, 11],
    [3, 14, 11],
    [3, 6, 14],
    [2, 15, 16],
    [2, 16, 5],
    [5, 16, 8],
    [8, 16, 19],
    [15, 21, 18],
    [18, 21, 22],
    [18, 24, 20],
    [18, 22, 24],
    [27, 29, 28],
    [27, 30, 29],
    [34, 35, 37],
    [34, 37, 36],
    [35, 38, 37],
    [26, 31, 27],
    [26, 27, 35],
    [26, 35, 34],
    [26, 34, 39],
    [26, 39, 31],
    [27, 31, 30],
    [27, 28, 35],
    [28, 38, 35],
    [34, 36, 41],
    [34, 41, 39],
    [30, 31, 32],
    [7, 8, 28],
    [8, 38, 28],
    [7, 28, 29],
    [6, 7, 29],
    [6, 29, 30],
    [6, 30, 14],
    [14, 30, 32],
    [24, 41, 36],
    [20, 24, 36],
    [20, 36, 37],
    [19, 20, 37],
    [19, 37, 38],
    [8, 19, 38]
  ]
}