{
  "vertices": [
    [0.0, 0.5, 0.0],
    [0.26285, 0.42535, 0.0],  
    [0.08125, 0.42535, 0.25], 
    [0.4472, 0.2236, 0.0],    
    [0.2941, 0.26285, 0.25],  
    [0.1382, 0.2236, 0.42535],
    [0.47555, 0.0, 0.1545],   
    [0.2939, 0.0, 0.4045],    
    [0.0, 0.0, 0.5],
    [0.08125, 0.42535, -0.25],
    [0.3441, 0.26285, -0.25],
    [0.47555, 0.0, -0.1545],
    [-0.21265, 0.42535, 0.1545],
    [-0.13145, 0.26285, 0.4045],
    [-0.3618, 0.2236, 0.26285],
    [-0.42535, 0.26285, 0.0],
    [-0.2939, 0.0, 0.4045],
    [-0.47555, 0.0, 0.1545],
    [-0.21265, 0.42535, -0.1545],
    [-0.3618, 0.2236, -0.26285],
    [-0.47555, 0.0, -0.1545],
    [0.0, -0.5, 0.0],
    [0.21265, -0.42535, 0.1545],
    [0.13145, -0.26285, 0.4045],
    [0.3618, -0.2236, 0.26285],
    [0.42535, -0.26285, 0.0],
    [0.21265, -0.42535, -0.1545],
    [0.3618, -0.2236, -0.26285],
    [-0.26285, -0.42535, 0.0],
    [-0.08125, -0.42535, 0.25],
    [-0.4472, -0.2236, 0.0],
    [-0.3441, -0.26285, 0.25],
    [-0.1382, -0.2236, 0.42535],
    [-0.08125, -0.42535, -0.25],
    [-0.3441, -0.26285, -0.25]
  ],
  "faces": [
    [0, 2, 1],
    [1, 2, 4],
    [1, 4, 3],
    [2, 5, 4],
    [3, 4, 6],
    [4, 7, 6],
    [4, 5, 7],
    [5, 8, 7],
    [12, 14, 13],
    [12, 15, 14],
    [13, 14, 16],
    [14, 17, 16],
    [14, 15, 17],
    [0, 1, 9],
    [0, 9, 18],
    [0, 18, 12],
    [0, 12, 2],
    [1, 10, 9],
    [1, 3, 10],
    [3, 11, 10],
    [3, 6, 11],
    [2, 12, 13],
    [2, 13, 5],
    [5, 13, 8],
    [8, 13, 16],
    [12, 18, 15],
    [15, 18, 19],
    [15, 20, 17],
    [15, 19, 20],
    [22, 24, 23],
    [22, 25, 24],
    [28, 29, 31],
    [28, 31, 30],
    [29, 32, 31],
    [21, 26, 22],
    [21, 22, 29],
    [21, 29, 28],
    [21, 28, 33],
    [21, 33, 26],
    [22, 26, 25],
    [22, 23, 29],
    [23, 32, 29],
    [28, 30, 34],
    [28, 34, 33],
    [25, 26, 27],
    [7, 8, 23],
    [8, 32, 23],
    [7, 23, 24],
    [6, 7, 24],
    [6, 24, 25],
    [6, 25, 11],
    [11, 25, 27],
    [20, 34, 30],
    [17, 20, 30],
    [17, 30, 31],
    [16, 17, 31],
    [16, 31, 32],
    [8, 16, 32]
  ]
}